Model,MAE,RMSE,MAPE (%),RMSPE (%),R²
RF,2211.533586691924,6816.333844983403,2.740726205135482,7.584410337533895,0.9956758027490948
LR,2784.8461489215247,6692.2241847885125,3.4681448561396473,8.491828190175145,0.9958318364358221
XGB,3045.56130763879,7494.107105181579,3.9555135550080522,9.09037081916146,0.9947731073320871
CNN,6560.613943595839,12365.135099276109,7.997643079758186,17.141209477246104,0.9857701106780058
LSTM,6276.659661256621,12168.018348261727,7.679369606087858,17.433347642344934,0.9862201813337665
