Model,MAE,RMSE,R²
RF,2190.0649806213055,6457.791249488931,0.9962154355721983
XGB,2885.059370039373,7007.587072198495,0.9955435924210952
LSTM,6746.915320317361,12417.189202292875,0.986007526412929
CNN,54836.11181522147,86662.81442019521,0.3184252759960895
