Model,MAE,RMSE,MAPE (%),RMSPE (%),R²
LR,6320.933804914899,13765.486402764061,10.253761021569165,28.867033435957822,0.9795101151208259
RF,6176.167417141503,14707.111558030823,10.310436672981613,30.264026711829402,0.9766110261569036
XGB,6480.514757846547,16168.120084561553,10.937215863801896,33.37527096695513,0.9717332780402126
CNN,9617.833319684978,17894.7823741967,13.350772542781334,45.984566336640285,0.9701972298773307
LSTM,9766.422729116108,17545.67506022264,13.702850812447775,46.78175686960704,0.9713487248787774
