Model,MAE,RMSE,MAPE (%),RMSPE (%),R²
RF,2194.6806387191873,6675.330424650859,2.7832703467565016,7.9792773132993045,0.9958528539854389
LR,2782.7666214766045,6692.384077130059,3.466376886377011,8.501294935267234,0.9958316372597708
XGB,3711.910427264637,8202.017757150292,4.759785439201466,11.094463398874685,0.9937389784139515
CNN,6219.104092449954,11795.40135373142,7.732803382356544,17.05835733836338,0.9870512085428265
LSTM,6182.747463221472,11774.327255853603,7.646136920646226,17.19100433139103,0.9870974367834786
