Model,MAE,RMSE,MAPE (%),RMSPE (%),R²
LR,6320.933804914899,13765.486402764061,10.253761021569165,28.867033435957822,0.9795101151208259
RF,6188.547541550285,14661.619767310352,10.319388270895328,30.361862623277545,0.976755495139249
XGB,6476.770341885497,16225.063537484848,10.825038466204123,33.09109459992821,0.9715338189536157
CNN,9091.361415228032,17289.708277256657,12.979675290036157,43.99071000111462,0.9721785909231025
LSTM,9801.77963606164,17756.001382619284,14.425221497097324,46.712150422430284,0.9706577014868417
