Model,MAE,RMSE,MAPE (%),RMSPE (%),R²
LR,6320.933804914886,13765.486402764054,10.25376102156915,28.867033435957794,0.9795101151208259
RF,6195.946130551491,14697.98471645897,10.25132064245528,29.6788865152107,0.976640046297513
XGB,6439.40256547735,16157.441654805514,10.691045762596978,32.2938599967239,0.9717706039043181
CNN,8962.014156972828,17167.42379351,12.316185759927116,43.89144804031971,0.9725707427771465
LSTM,9647.667682208647,17614.69193863027,13.226884100597228,44.733270580662534,0.9711228788269441
